Tokenizer_m21,vocab_size,mean_len,std_len,mean_compression,std_compression
ChordSymbolTokenizer,396,47.13761730373083,30.680285665152113,0.28931185331451825,0.10933732993075712
MelodyPitchTokenizer,184,130.4645799954223,78.01326654548204,0.2483346477538557,0.07704924621175663
