Tokenizer_m21,vocab_size,mean_len,std_len,max_len,mean_compression,std_compression
ChordSymbolTokenizer,436,49.13761730373083,30.68028566515211,485,0.14935724148803903,0.050823996592532214
GCTSymbolTokenizer,270,49.13761730373083,30.68028566515211,485,0.14136238269489618,0.04828385717462111
RootTypeTokenizer,129,67.06631952391852,43.861012337577975,660,0.12665160942170367,0.0443710155427346
GCTRootTypeTokenizer,136,67.06631952391852,43.861012337577975,660,0.12631680100925766,0.04421656917678037
RootPCTokenizer,112,88.11078049897002,59.731303789368056,867,0.12409554105284992,0.044858864027215284
GCTRootPCTokenizer,112,88.11078049897002,59.731303789368056,867,0.12363281914488906,0.04469072784389684
PitchClassTokenizer,100,88.11078049897002,59.731303789368056,867,0.11682277473233119,0.04185082342092643
MelodyPitchTokenizer,195,133.4645799954223,78.01326654548204,1351,0.14488498429987562,0.04107301934459234
