Tokenizer_m21,vocab_size,mean_len,std_len,mean_compression,std_compression
ChordSymbolTokenizer,445,103.60307692307693,34.29661552815949,0.1166268864593518,0.02595736037453388
MelodyPitchTokenizer,185,241.8323076923077,88.73966003938332,0.1136954136170877,0.023267557320480862
