Tokenizer_m21,vocab_size,mean_len,std_len,max_len,mean_compression,std_compression
ChordSymbolTokenizer,456,49.13761730373083,30.68028566515211,485,0.14968356540461597,0.050961818154379716
GCTSymbolTokenizer,290,49.13761730373083,30.68028566515211,485,0.1415630680895097,0.048371704015455826
RootTypeTokenizer,149,67.06631952391852,43.861012337577975,660,0.12655687755044512,0.04440050340547455
GCTRootTypeTokenizer,156,67.06631952391852,43.861012337577975,660,0.1262233750066461,0.04425240563303145
RootPCTokenizer,132,88.11078049897002,59.731303789368056,867,0.12393272888094942,0.044865070385154165
GCTRootPCTokenizer,132,88.11078049897002,59.731303789368056,867,0.12347801000524575,0.04469089381401553
PitchClassTokenizer,120,88.11078049897002,59.731303789368056,867,0.1166127097723352,0.04186553007611268
MelodyPitchTokenizer,195,132.4645799954223,78.01326654548204,1350,0.1401327952346501,0.04000911618508362
