Tokenizer_m21,vocab_size,mean_len,std_len,max_len,mean_compression,std_compression
ChordSymbolTokenizer,456,105.60307692307693,34.29661552815949,318,0.11662560907221063,0.025056749639804442
GCTSymbolTokenizer,336,105.60307692307693,34.29661552815949,318,0.1107119888470622,0.024290870874
RootTypeTokenizer,149,143.68769230769232,47.76576826296714,447,0.10243200892097049,0.022254121274397486
GCTRootTypeTokenizer,165,143.68769230769232,47.76576826296714,447,0.10142582761609996,0.022468559189895293
RootPCTokenizer,132,223.54461538461538,76.19775088699592,712,0.09333638875058752,0.021394706301361144
GCTRootPCTokenizer,132,223.54461538461538,76.19775088699592,712,0.09170076705541169,0.02078358221180022
PitchClassTokenizer,120,223.54461538461538,76.19775088699592,712,0.08599345269541217,0.01936698091183769
MelodyPitchTokenizer,195,243.8323076923077,88.73966003938332,716,0.11382496063337735,0.02296718744060518
