Tokenizer_m21,vocab_size,mean_len,std_len,max_len,mean_compression,std_compression
ChordSymbolTokenizer,436,48.13761730373083,30.68028566515211,484,0.1448379904305344,0.050838145796360874
GCTSymbolTokenizer,270,48.13761730373083,30.68028566515211,484,0.13688785075779702,0.04831415981130413
RootTypeTokenizer,129,66.06631952391852,43.861012337577975,659,0.1229240551241555,0.043997485793103384
GCTRootTypeTokenizer,136,66.06631952391852,43.861012337577975,659,0.1225703868101096,0.04382805302729514
RootPCTokenizer,112,87.11078049897002,59.731303789368056,866,0.12122626399848392,0.044557275091361155
GCTRootPCTokenizer,112,87.11078049897002,59.731303789368056,866,0.12076101538103204,0.044394089814506016
PitchClassTokenizer,100,87.11078049897002,59.731303789368056,866,0.11378203394700499,0.04135214779005257
MelodyPitchTokenizer,195,132.4645799954223,78.01326654548204,1350,0.14361084155177944,0.04106399535784446
