Tokenizer_m21,vocab_size,mean_len,std_len,mean_compression,std_compression
ChordSymbolTokenizer,444,103.60307692307693,34.29661552815949,0.11675020033137182,0.025943086298484744
MelodyPitchTokenizer,184,241.8323076923077,88.73966003938332,0.11353269972158636,0.02323730549065121
