Tokenizer_m21,vocab_size,mean_len,std_len,mean_compression,std_compression
ChordSymbolTokenizer,456,105.60307692307693,34.29661552815949,0.11662560907221063,0.025056749639804442
GCTSymbolTokenizer,336,105.60307692307693,34.29661552815949,0.04821517523192153,0.013265698737073667
RootTypeTokenizer,149,105.60307692307693,34.29661552815949,0.04821517523192153,0.013265698737073667
GCTRootTypeTokenizer,165,105.60307692307693,34.29661552815949,0.04821517523192153,0.013265698737073667
RootPCTokenizer,132,105.60307692307693,34.29661552815949,0.04821517523192153,0.013265698737073667
GCTRootPCTokenizer,132,105.60307692307693,34.29661552815949,0.04821517523192153,0.013265698737073667
PitchClassTokenizer,120,105.60307692307693,34.29661552815949,0.04821517523192153,0.013265698737073667
MelodyPitchTokenizer,195,243.8323076923077,88.73966003938332,0.11382496063337735,0.02296718744060518
