Tokenizer_m21,vocab_size,mean_len,std_len,mean_compression,std_compression
ChordSymbolTokenizer,446,105.60307692307693,34.29661552815949,0.11657297093821267,0.02496199115531369
MelodyPitchTokenizer,185,243.8323076923077,88.73966003938332,0.11392462599192314,0.02302205177107685
