epoch,train_loss,train_acc,val_loss,val_acc,sav_version
0,1.8238192281702108,0.5208721682878418,1.5531936050869348,0.5612061207388319,1
