epoch,train_loss,tran_acc,val_loss,val_acc,sav_version
0,1.6960335853823856,0.7186113375939187,0.3769953911368911,0.8847460485621813,1
1,0.28517148076939436,0.8728210198102931,0.25825618771282405,0.8683280028234917,2
2,0.2394061840933525,0.8707149159853728,0.24736275020483378,0.8673979624070177,3
