epoch,train_loss,tran_acc,val_loss,val_acc,sav_version
0,1.4858622297736033,0.6862813635849943,0.4346780841414993,0.7769910858043275,1
1,0.3634793561386184,0.783516483405866,0.3433287393402409,0.7774522156515246,2
2,0.3177977551254758,0.7838228040689643,0.3155613851708335,0.7745892549379529,3
