epoch,train_loss,train_acc,val_loss,val_acc,sav_version
0,1.4433557416786227,0.5637245319765708,1.128821479053948,0.6476932661259935,1
