epoch,train_loss,tran_acc,val_loss,val_acc,sav_version
0,1.454065696273479,0.71687472535689,0.34408261606822144,0.8195231333610107,1
1,0.2711020981424425,0.8251707519753996,0.2539293488135209,0.819673515231288,2
2,0.2383604684124695,0.8250381881689733,0.23940710522033073,0.8203322091738812,3
