epoch,train_loss,train_acc,val_loss,val_acc,sav_version
0,1.4101726641519028,0.5705306828053994,1.117594169115457,0.6282705612722669,1
