epoch,train_loss,train_acc,val_loss,val_acc,sav_version
0,1.3496577432542516,0.5977992007972427,1.0075151289072561,0.675219800630432,1
