epoch,train_loss,tran_acc,val_loss,val_acc,sav_version
0,1.9355665027538194,0.5266836242322366,1.720168227950732,0.5369662957067959,1
1,1.5870919940627624,0.5539253848209149,1.5424532666802406,0.5551519841431043,2
2,1.472266077716774,0.5628316477943719,1.477748950322469,0.554272242080919,3
3,1.4099818072586416,0.5692124917844756,1.4236760313312213,0.5631144738494634,4
4,1.3481537869600493,0.5834289908710403,1.3474424853920937,0.586001128264402,5
