epoch,train_loss,tran_acc,val_loss,val_acc,sav_version
0,1.4369357634927624,0.582082825420138,1.2793849979837735,0.6026041813165381,1
1,1.1671473023211845,0.6315512512118203,1.1033744029700756,0.6520500208866936,2
2,0.9958132052811507,0.6774355816155555,0.9477758407592773,0.6888897356658638,3
3,0.8880297134969836,0.704995203094771,0.8666820985575517,0.7088906565842884,4
4,0.8251094506165692,0.7228306605038788,0.8109206495185693,0.7273291153845948,5
