epoch,train_loss,tran_acc,val_loss,val_acc,sav_version
0,1.4031264105132808,0.5925096802167801,1.2010148813327153,0.6133314261525479,1
1,1.1325314955733647,0.6229630505917546,1.1109424817065399,0.6202553917270709,2
2,1.0659064378972365,0.6290429913466387,1.066596556454897,0.623781491546438,3
3,1.0223064440711636,0.6367013802711249,1.0205062987903755,0.6362145158726564,4
4,0.9816023871720394,0.6494741613380864,0.9817339281241099,0.6482606658501576,5
