epoch,train_loss,train_acc,val_loss,val_acc,sav_version
0,1.824726804803338,0.52321302861778,1.5664449420970257,0.5577651378659945,1
