epoch,train_loss,train_acc,val_loss,val_acc,sav_version
0,1.4541029695094678,0.5596651837956135,1.1621739660191723,0.6401415269831341,1
