epoch,train_loss,train_acc,val_loss,val_acc,sav_version
0,1.3569585241246642,0.596076960536815,1.014950304754137,0.6772281684582113,1
