epoch,train_loss,train_acc,val_loss,val_acc,sav_version
0,1.4174549105397443,0.5681484906622679,1.1251533927879935,0.6287508528090342,1
