{
    "ChordSymbolTokenizer": {
        "correct_bar_predictions": 0.9731942575145806,
        "correct_new_chord_predictions": 0.7508786103817411,
        "correct_position_predictions": 0.7477681276509796,
        "correct_chord_predictions": 0.11949101191678449,
        "correct_root_predictions": 0.19495051504746516
    },
    "RootTypeTokenizer": {
        "correct_bar_predictions": 0.8400628084342755,
        "correct_new_chord_predictions": 0.8660068672995355,
        "correct_position_predictions": 0.857685316097758,
        "correct_chord_predictions": 0.08616753267202015,
        "correct_root_predictions": 0.1985514092268934
    },
    "PitchClassTokenizer": {
        "correct_bar_predictions": 0.887561686855092,
        "correct_new_chord_predictions": 0.8948495253484144,
        "correct_position_predictions": 0.8890325186830943,
        "correct_chord_predictions": 0.32405574631387596,
        "correct_root_predictions": 0
    },
    "RootPCTokenizer": {
        "correct_bar_predictions": 0.8540264692687304,
        "correct_new_chord_predictions": 0.8789739446576449,
        "correct_position_predictions": 0.8736012926681479,
        "correct_chord_predictions": 0.2921833972934761,
        "correct_root_predictions": 0.5002221773379115
    },
    "GCTRootPCTokenizer": {
        "correct_bar_predictions": 0.8111821444593988,
        "correct_new_chord_predictions": 0.8796202787315693,
        "correct_position_predictions": 0.8744496061401738,
        "correct_chord_predictions": 0.25150474651585536,
        "correct_root_predictions": 0.40004039587962026
    },
    "GCTSymbolTokenizer": {
        "correct_bar_predictions": 0.9344997756841633,
        "correct_new_chord_predictions": 0.7916380529186023,
        "correct_position_predictions": 0.7857402544940416,
        "correct_chord_predictions": 0.16068453051114615,
        "correct_root_predictions": 0.335014636343166
    },
    "GCTRootTypeTokenizer": {
        "correct_bar_predictions": 0.9253909439176035,
        "correct_new_chord_predictions": 0.7858537378996177,
        "correct_position_predictions": 0.779834051899455,
        "correct_chord_predictions": 0.11371791333149324,
        "correct_root_predictions": 0.221757817120776
    }
}